ID,Category
abkieurfrr.png,Sugar beet
ablzkpojla.png,Sugar beet
acmbgjflct.png,Loose Silky-bent
adescsxdfp.png,Small-flowered Cranesbill
aebszfphgi.png,Charlock
aevkzicgby.png,Fat Hen
afhcnytjtd.png,Loose Silky-bent
ahjnndkxft.png,Scentless Mayweed
ahoyeyvosg.png,Black-grass
aijmdaocym.png,Loose Silky-bent
aioqqhdshy.png,Scentless Mayweed
ajjwrhipgh.png,Loose Silky-bent
amryqbnppa.png,Charlock
anwkfobyxc.png,Fat Hen
anxwcympag.png,Cleavers
aongkovlzc.png,Maize
apjrnavrnr.png,Sugar beet
aqfxnypchp.png,Charlock
aqmofrkcyj.png,Shepherds Purse
aquntyyesm.png,Loose Silky-bent
arfllebtop.png,Cleavers
arkzcnxddq.png,Scentless Mayweed
armpwctjip.png,Sugar beet
asgkdhflws.png,Loose Silky-bent
ashctxuyff.png,Scentless Mayweed
askszyomlp.png,Fat Hen
aslxbfyasd.png,Fat Hen
atyfvoapnm.png,Small-flowered Cranesbill
aupdlpczgg.png,Loose Silky-bent
aupvdvgbuu.png,Charlock
axckzqattx.png,Fat Hen
axxoixcquw.png,Small-flowered Cranesbill
axzjvqaozv.png,Loose Silky-bent
ayygeapqbp.png,Common Chickweed
azlgnuwzcc.png,Loose Silky-bent
baygcbmkbf.png,Loose Silky-bent
bbpltyfcqs.png,Cleavers
bbtaboqkyy.png,Sugar beet
bcftvziwoc.png,Scentless Mayweed
bcgxgybctb.png,Scentless Mayweed
bchuxgnggd.png,Fat Hen
bddyvdvkgo.png,Loose Silky-bent
bdhgrkrunr.png,Cleavers
bdyxhybzcr.png,Common Chickweed
behrxwzueb.png,Common Chickweed
beusvbawct.png,Charlock
bffevstjkr.png,Charlock
bfgtphhmiu.png,Loose Silky-bent
bfjhnakhat.png,Small-flowered Cranesbill
bfumdovrsj.png,Fat Hen
bfuqwfmhws.png,Charlock
bidalxlwys.png,Fat Hen
biezxpjdmm.png,Cleavers
biffqofsuo.png,Loose Silky-bent
bivrywmrag.png,Fat Hen
biwpjwytdz.png,Common wheat
bjogjvvgoo.png,Loose Silky-bent
bjxbbkjtzf.png,Cleavers
bkdiimrbog.png,Common Chickweed
bkurymdjwx.png,Fat Hen
blawhtzbkl.png,Small-flowered Cranesbill
bmexokzdku.png,Charlock
bmnibdyyfk.png,Charlock
bmxnwdxhtf.png,Fat Hen
bnwrcttxui.png,Charlock
bodktpofui.png,Common Chickweed
bohwrtotyd.png,Shepherds Purse
bonwrhwqzu.png,Shepherds Purse
botgaoqlhz.png,Charlock
bpdklhvrdv.png,Charlock
bpiowrlyuk.png,Cleavers
bpnwtimzoh.png,Charlock
bptnacusgf.png,Sugar beet
bqwpelrswg.png,Scentless Mayweed
btlslxrnzh.png,Shepherds Purse
bucgtendtp.png,Common Chickweed
bugmoniqro.png,Black-grass
bvaepccduw.png,Loose Silky-bent
bvllicbmwn.png,Common Chickweed
bvwqsltone.png,Maize
bwjkzqwkiz.png,Small-flowered Cranesbill
bxgugjfoqb.png,Loose Silky-bent
bxrgvlrzfv.png,Loose Silky-bent
byagcjezqs.png,Scentless Mayweed
byqyorfxjy.png,Common wheat
bzpnvkrxxh.png,Common Chickweed
bzsujvsrbn.png,Small-flowered Cranesbill
cadqtheeap.png,Small-flowered Cranesbill
cafwtgkwwd.png,Fat Hen
cavaxqdjkv.png,Common Chickweed
cbjbelhzxs.png,Sugar beet
ccemgegoar.png,Shepherds Purse
ccsndfakoa.png,Scentless Mayweed
ceehepthvf.png,Fat Hen
centurrxas.png,Common wheat
cfmhcfnrrc.png,Small-flowered Cranesbill
cfphohwtfl.png,Fat Hen
cfxlyqidxk.png,Fat Hen
cgkpwstkhy.png,Scentless Mayweed
cgujptuaec.png,Loose Silky-bent
chudzdncwx.png,Charlock
cibarnmyim.png,Fat Hen
cjmtjcguws.png,Common Chickweed
ckmlldcyfh.png,Cleavers
clpvobtxua.png,Common Chickweed
cmfxlbnrbp.png,Loose Silky-bent
cmgnglzbdi.png,Loose Silky-bent
cmubjxlumd.png,Loose Silky-bent
cnheaqhxqt.png,Fat Hen
coklvdvalj.png,Scentless Mayweed
copzwrcqpp.png,Loose Silky-bent
cownjigkag.png,Fat Hen
cpdaywyjlt.png,Small-flowered Cranesbill
crasnqacjq.png,Charlock
crthrhpzks.png,Shepherds Purse
crwutewiyy.png,Fat Hen
csltqxcxhc.png,Fat Hen
cslwurbopz.png,Fat Hen
cswnxfyayo.png,Charlock
cszvtqcjyf.png,Loose Silky-bent
cumghitpch.png,Common wheat
cvceaeclxq.png,Cleavers
cvzjjgusqp.png,Scentless Mayweed
cwkqmqieko.png,Scentless Mayweed
cyhzdetrjc.png,Common Chickweed
cyioquzwie.png,Charlock
czjycoucuh.png,Loose Silky-bent
czqceknzzn.png,Small-flowered Cranesbill
czrhjufatu.png,Sugar beet
czuxqebdpa.png,Common Chickweed
czwwjxdtup.png,Maize
dalbpmjlcq.png,Shepherds Purse
dantaresqw.png,Loose Silky-bent
daqlrwqztx.png,Charlock
dckfmdcvny.png,Scentless Mayweed
dcujdmvsic.png,Scentless Mayweed
dcxtwnmidn.png,Small-flowered Cranesbill
ddzctuymwa.png,Scentless Mayweed
depxarnjzf.png,Common Chickweed
detluoasgf.png,Loose Silky-bent
deutltmdxu.png,Small-flowered Cranesbill
deykqurmey.png,Shepherds Purse
dfgbjqnati.png,Scentless Mayweed
dfnizxzogj.png,Sugar beet
dfyafvyugj.png,Common Chickweed
dgwttioqjd.png,Small-flowered Cranesbill
dhrsspucoq.png,Fat Hen
dhuxgfcbyw.png,Loose Silky-bent
diahjfbwuw.png,Common Chickweed
dihkgjbyfq.png,Small-flowered Cranesbill
dipapohctg.png,Common wheat
dislfovkhp.png,Scentless Mayweed
djapaqxrdz.png,Small-flowered Cranesbill
djbqvpqwmy.png,Small-flowered Cranesbill
dkjueiawvv.png,Charlock
dkkudibscv.png,Common Chickweed
dmavvtqoxt.png,Common wheat
dmetyfrsin.png,Charlock
dnbibfgxoh.png,Loose Silky-bent
dnihsymvet.png,Fat Hen
dnjoxrxtge.png,Maize
dnqcuwdaau.png,Scentless Mayweed
dpbaejlfvz.png,Common Chickweed
dpfrrbbhlp.png,Loose Silky-bent
drjoqyztny.png,Loose Silky-bent
drzdqzpgwe.png,Fat Hen
dtabkfemaz.png,Loose Silky-bent
dtdslbefyx.png,Loose Silky-bent
dtenzbgtlg.png,Loose Silky-bent
dttnjjxtfm.png,Common Chickweed
duiozdukjz.png,Common Chickweed
duyoxnkdrl.png,Common wheat
dvaoogwhlt.png,Common wheat
dvbgumymol.png,Small-flowered Cranesbill
dwpvnaiokv.png,Scentless Mayweed
dwvmhayqzz.png,Common Chickweed
dxwxzokznk.png,Scentless Mayweed
dzkrgaxegx.png,Loose Silky-bent
eabllpbdcw.png,Sugar beet
eadxdusxjp.png,Charlock
eafcccjbiv.png,Loose Silky-bent
eagfuxablh.png,Shepherds Purse
echmvoruiz.png,Fat Hen
ectziftnbc.png,Scentless Mayweed
ecwaapaqya.png,Small-flowered Cranesbill
edcfbfcdoq.png,Charlock
edtmtjejyj.png,Cleavers
eebwxjxkmu.png,Loose Silky-bent
efamlmifzi.png,Loose Silky-bent
egorseowki.png,Common Chickweed
egpzdxqvpd.png,Scentless Mayweed
ehnpsbyzwy.png,Fat Hen
ehukpgpqcg.png,Sugar beet
ehzlysyhtf.png,Common Chickweed
eijwnoupem.png,Cleavers
eiubciyjvy.png,Fat Hen
eivyqukhbm.png,Scentless Mayweed
ejnnlqyghc.png,Charlock
ejtlwirher.png,Sugar beet
ekhgcopiiq.png,Loose Silky-bent
emozivmywz.png,Common Chickweed
eneslicrsf.png,Fat Hen
enwuvwyixl.png,Small-flowered Cranesbill
eobjnoijsr.png,Cleavers
eogqrwbeca.png,Charlock
eoonmblmys.png,Loose Silky-bent
eowsgqobdh.png,Cleavers
eoyrxlbjtu.png,Common Chickweed
epcnkrotto.png,Scentless Mayweed
epquxioidk.png,Small-flowered Cranesbill
epubyfhazx.png,Charlock
eqepsdeimh.png,Scentless Mayweed
ervfcpakvi.png,Small-flowered Cranesbill
esbjivorqr.png,Charlock
esqiikafkg.png,Sugar beet
esseaopzne.png,Fat Hen
etjuirhexq.png,Fat Hen
ewrutrigoj.png,Charlock
ewyctucfck.png,Charlock
exjykmzesb.png,Fat Hen
exlgqpiphb.png,Fat Hen
ezbxexkmav.png,Shepherds Purse
ezpkesdmgh.png,Cleavers
ezskvigszp.png,Maize
ezwluosmlg.png,Maize
fbcoeikpdj.png,Charlock
fbesmagcov.png,Loose Silky-bent
fbuhwliyoi.png,Common Chickweed
fckyfnwrys.png,Sugar beet
fcnbakmgbz.png,Small-flowered Cranesbill
feetokipby.png,Common Chickweed
ffjlphxiuu.png,Scentless Mayweed
ffjvjibpun.png,Fat Hen
fgptseabcb.png,Loose Silky-bent
fhhzlajpfo.png,Fat Hen
fhltslmfzk.png,Scentless Mayweed
fjbfszdasp.png,Common wheat
fjcpdilpux.png,Common Chickweed
fkjryyhfla.png,Small-flowered Cranesbill
fldloegaho.png,Maize
fmotvksecv.png,Sugar beet
fmtacmhggf.png,Fat Hen
fnrhbxjjbo.png,Scentless Mayweed
fonhdnueip.png,Loose Silky-bent
fouocgtmog.png,Loose Silky-bent
fowsrtwsbl.png,Small-flowered Cranesbill
fpejmnedvr.png,Sugar beet
fquccqhuqf.png,Charlock
frbizvjoqf.png,Cleavers
ftkhvigkqy.png,Cleavers
ftkmtdinit.png,Fat Hen
fulnypqjac.png,Common Chickweed
fuqhjqsbtz.png,Charlock
fuqyhdpdtd.png,Scentless Mayweed
fuyezvysvn.png,Sugar beet
fvamzmlieq.png,Loose Silky-bent
fveomjdzuo.png,Loose Silky-bent
fvztcrugqu.png,Black-grass
fxagjppvow.png,Common Chickweed
fyfubgduqt.png,Loose Silky-bent
gazkkeacns.png,Fat Hen
gbcldustxa.png,Scentless Mayweed
gbtizzhvml.png,Loose Silky-bent
gcacdntvms.png,Scentless Mayweed
gcclwuhogy.png,Loose Silky-bent
gcmmbdwjmb.png,Maize
gcpedilmtt.png,Common wheat
gcqqvzqict.png,Loose Silky-bent
geawwnohvw.png,Fat Hen
gerdyktcmr.png,Fat Hen
ghypwdbcff.png,Loose Silky-bent
gjifenpcwm.png,Fat Hen
gjkrjbymlp.png,Loose Silky-bent
gkbveptzyh.png,Common Chickweed
gkjrijomos.png,Small-flowered Cranesbill
glkgtgdzqc.png,Common Chickweed
glscrgdbvd.png,Scentless Mayweed
glsgvqoesy.png,Loose Silky-bent
gmdoqqceqi.png,Common Chickweed
gmlsvsjxeu.png,Sugar beet
gmwjzjoxrw.png,Scentless Mayweed
gnalmgwszm.png,Charlock
gnjszbdady.png,Charlock
gnmclcpcov.png,Small-flowered Cranesbill
gnpsxzmtyc.png,Loose Silky-bent
goehnccyiy.png,Shepherds Purse
gophqculko.png,Sugar beet
gpdqwoqoec.png,Shepherds Purse
gpptwfwhsq.png,Sugar beet
gqaqxfsrjm.png,Loose Silky-bent
gqmrqedagb.png,Common Chickweed
grzdqhgeak.png,Loose Silky-bent
gvhpshodig.png,Cleavers
gxnltnusrw.png,Scentless Mayweed
gydhgjmbeu.png,Common wheat
haacnuaiot.png,Maize
hbxgyftyqv.png,Loose Silky-bent
hcasmledsw.png,Scentless Mayweed
hczezuvehc.png,Common Chickweed
hczobzsedt.png,Sugar beet
hdelivxtbc.png,Scentless Mayweed
hdyiqjujhu.png,Small-flowered Cranesbill
hffnddlswm.png,Loose Silky-bent
hfoblxrdnm.png,Maize
hhcpxiuxul.png,Common Chickweed
hhghbhzebo.png,Loose Silky-bent
hhumfrmojq.png,Shepherds Purse
hiaajmpnox.png,Loose Silky-bent
hifecyigkk.png,Fat Hen
hiiuuefnew.png,Charlock
hipyffzmgc.png,Small-flowered Cranesbill
hizwvnxbtb.png,Common Chickweed
hjtpbaxunl.png,Shepherds Purse
hkqwzvmoiq.png,Small-flowered Cranesbill
hkuckvrwuh.png,Charlock
hkutzlpxsf.png,Charlock
hkxtyipzxz.png,Loose Silky-bent
hlplaagnda.png,Cleavers
hmdarchenp.png,Fat Hen
hmnzlhygpm.png,Cleavers
hnyinnbggf.png,Loose Silky-bent
hojvkeazuz.png,Small-flowered Cranesbill
hpkftuxmpu.png,Cleavers
hqagsutndc.png,Fat Hen
hqqheehaju.png,Small-flowered Cranesbill
hrfuqkxjsh.png,Shepherds Purse
hsjmuqgiml.png,Cleavers
htvdjzvssu.png,Small-flowered Cranesbill
huckuzifpb.png,Loose Silky-bent
hwbvvzkutf.png,Loose Silky-bent
hwcpqtbrfq.png,Common wheat
hyjituyuiy.png,Loose Silky-bent
hyqphcberu.png,Loose Silky-bent
hzbdniirwp.png,Charlock
iaduingcvp.png,Sugar beet
ibwiahxzjd.png,Loose Silky-bent
icnxivsbwt.png,Charlock
iconzblsgt.png,Common Chickweed
idekeifcje.png,Scentless Mayweed
idfmkjaodx.png,Cleavers
idftsblvbq.png,Black-grass
ievquiqtlf.png,Shepherds Purse
ifcjfmkcvv.png,Maize
ifobgpbwky.png,Common Chickweed
igdnbxckll.png,Scentless Mayweed
igupkwgpzt.png,Shepherds Purse
ihchztxzup.png,Small-flowered Cranesbill
ihfztrexlo.png,Charlock
iiytzsbgcu.png,Small-flowered Cranesbill
ijdkjwqutt.png,Fat Hen
ijhvfqtlwg.png,Fat Hen
ikhgcaoijf.png,Cleavers
ikqxkgqcoe.png,Sugar beet
ilgsbcqzdl.png,Small-flowered Cranesbill
iltpihybfd.png,Common Chickweed
inscnldzuq.png,Loose Silky-bent
ipjzlwuzzv.png,Small-flowered Cranesbill
ipmvpmkgxr.png,Loose Silky-bent
iqkzuuucpr.png,Charlock
iqqsayvuaa.png,Charlock
irjbsiqtgs.png,Scentless Mayweed
isxrqxzdeq.png,Common Chickweed
ivneyhvhlp.png,Maize
ivqfvfltoa.png,Scentless Mayweed
iwjtiwnugd.png,Common Chickweed
ixzkqhutmj.png,Maize
iyxxzvnlxh.png,Loose Silky-bent
izoezmaudu.png,Common wheat
izqyjccxms.png,Scentless Mayweed
izxovndtme.png,Common Chickweed
jahcddjvyr.png,Maize
jbjauzxtxb.png,Scentless Mayweed
jbprmcfvja.png,Cleavers
jcilzpibbz.png,Scentless Mayweed
jcpfoqgpwg.png,Loose Silky-bent
jfjgbfarxu.png,Fat Hen
jfvoxxdiac.png,Charlock
jguxobbjmt.png,Scentless Mayweed
jhlgxwaoff.png,Loose Silky-bent
jidxwkntil.png,Small-flowered Cranesbill
jjowhulavb.png,Scentless Mayweed
jjzidfxtsk.png,Fat Hen
jkgkgynekg.png,Loose Silky-bent
jkqngvlewv.png,Loose Silky-bent
jndsujvhje.png,Common wheat
jovmavvkba.png,Loose Silky-bent
jpyaaggbjo.png,Charlock
jqlkkuxwva.png,Charlock
jqtiarrtln.png,Loose Silky-bent
jrrgzkncws.png,Common Chickweed
jthpevbzcn.png,Fat Hen
jufrtlrlvi.png,Loose Silky-bent
juwmysyeqj.png,Small-flowered Cranesbill
juwtbqhsyo.png,Loose Silky-bent
jvayshwqgd.png,Sugar beet
jvgnuwpjtm.png,Fat Hen
jwapqdhorz.png,Common wheat
jwgnqgrzih.png,Black-grass
jwllelglrz.png,Common Chickweed
jximjjvdrc.png,Small-flowered Cranesbill
jxlipyulat.png,Cleavers
jxrwesyrlx.png,Common wheat
jypvduowmk.png,Common Chickweed
jzmgiwpiku.png,Cleavers
kaqtedzxtj.png,Cleavers
kaquxmovvp.png,Loose Silky-bent
kdczyuuixb.png,Sugar beet
kdnlhrfedv.png,Small-flowered Cranesbill
keexmejqal.png,Shepherds Purse
kegjyajdsg.png,Small-flowered Cranesbill
kenccrblre.png,Scentless Mayweed
kfrkjbbxbp.png,Scentless Mayweed
kgimqizbtr.png,Shepherds Purse
kgjwqkuyqj.png,Common Chickweed
kgkrsiaqvp.png,Scentless Mayweed
kijxiasyac.png,Small-flowered Cranesbill
kikggejczw.png,Common wheat
kjxxhgggcm.png,Loose Silky-bent
klaxtxwzpy.png,Loose Silky-bent
klpnpjyivp.png,Loose Silky-bent
kmdvdjjrja.png,Loose Silky-bent
kmiiksjqmz.png,Small-flowered Cranesbill
knumhcaapr.png,Loose Silky-bent
kossnashjc.png,Fat Hen
koxgubznxe.png,Loose Silky-bent
kpgftgwbnp.png,Small-flowered Cranesbill
kpvmarefih.png,Loose Silky-bent
kpygckshyt.png,Cleavers
kqlxakbfwp.png,Loose Silky-bent
kqwtvzaojh.png,Sugar beet
krriqxtudt.png,Loose Silky-bent
krzowckwue.png,Common Chickweed
kshpyjafjl.png,Shepherds Purse
ksiooahqar.png,Charlock
ktbqropndb.png,Fat Hen
ktqnaedfre.png,Fat Hen
kudsenexjy.png,Loose Silky-bent
kvaixucece.png,Loose Silky-bent
kvddwpydof.png,Loose Silky-bent
kwskdnjgxc.png,Loose Silky-bent
kxjmbmkeln.png,Loose Silky-bent
kxpxxjbnxm.png,Fat Hen
kxsfxoakan.png,Cleavers
kxyptouhke.png,Cleavers
kyblzidofd.png,Common Chickweed
kykglxwwsw.png,Fat Hen
kywzgfmknp.png,Charlock
kzchiefgcw.png,Small-flowered Cranesbill
kzimmhgkpz.png,Small-flowered Cranesbill
kzqqcvmvsp.png,Charlock
kztlmlbjtv.png,Small-flowered Cranesbill
lahwnmzxal.png,Small-flowered Cranesbill
lbmooerxyh.png,Common wheat
lbnzdbfhri.png,Charlock
lcczpgzriz.png,Scentless Mayweed
lcmdcihfof.png,Cleavers
lcmofmmdgy.png,Fat Hen
ldfxqoeyhs.png,Small-flowered Cranesbill
ldkwmgoqic.png,Sugar beet
lfmjvferlh.png,Charlock
lfzghdnngc.png,Common Chickweed
lhbdftchhn.png,Charlock
lhlicnthtr.png,Shepherds Purse
lhpvqttjie.png,Loose Silky-bent
lkafxiqdko.png,Common Chickweed
llfduksiyl.png,Fat Hen
llyypafhtr.png,Small-flowered Cranesbill
lmgjsffpuy.png,Fat Hen
lmwmpujfeg.png,Fat Hen
lndpvopwcs.png,Fat Hen
lnnfzfzwjt.png,Loose Silky-bent
lnxevsojva.png,Common Chickweed
lorlhoohry.png,Cleavers
lovryjdyuh.png,Cleavers
lprugjkwze.png,Fat Hen
lpsryofhmi.png,Cleavers
lqexozcwho.png,Sugar beet
lrbysstomm.png,Scentless Mayweed
lrywpixmxp.png,Scentless Mayweed
lryxdoxxwt.png,Cleavers
ltezzmzali.png,Sugar beet
ltmlzxralb.png,Scentless Mayweed
ltunmsypnj.png,Common wheat
luqiohnxce.png,Sugar beet
luxewyqcsh.png,Loose Silky-bent
lvmxymsdtm.png,Small-flowered Cranesbill
lwvfwbtvrh.png,Black-grass
lxgzskpnwx.png,Loose Silky-bent
lyctbsbcbl.png,Loose Silky-bent
lymxeclegm.png,Cleavers
lynsyiemxe.png,Scentless Mayweed
lzxpeiohkd.png,Sugar beet
lzyykebgdd.png,Loose Silky-bent
mafbnskkjo.png,Loose Silky-bent
mazohamevm.png,Fat Hen
mbbjhzakxk.png,Loose Silky-bent
mcjydfzolz.png,Common Chickweed
mdboqrbprp.png,Fat Hen
mdcmeccsud.png,Small-flowered Cranesbill
mdoyjybwyg.png,Sugar beet
mdtbqicnjk.png,Charlock
mdywhbqjkv.png,Common Chickweed
metgklthvp.png,Fat Hen
mfomxojopt.png,Loose Silky-bent
mghwddqeyx.png,Cleavers
mgioznagal.png,Common Chickweed
mhldplqjif.png,Loose Silky-bent
mighepyndy.png,Charlock
mixdopouzi.png,Fat Hen
miyfahgzpn.png,Charlock
mjjmzyrxmo.png,Fat Hen
mjlcuoqhcl.png,Scentless Mayweed
mjmhpvhygb.png,Common Chickweed
mjwwgfewpf.png,Loose Silky-bent
mlakmrjhct.png,Cleavers
mledibwkni.png,Fat Hen
mmcpkyltny.png,Scentless Mayweed
mmymoutzib.png,Scentless Mayweed
modcmodnyw.png,Charlock
moixwcewua.png,Scentless Mayweed
mqyikyhzyk.png,Fat Hen
mrlozvtega.png,Sugar beet
mrxgthconc.png,Loose Silky-bent
msldkvnxso.png,Cleavers
mslovezast.png,Loose Silky-bent
msqkxfyqgp.png,Fat Hen
mtivrcuxex.png,Black-grass
mtjtcraapd.png,Small-flowered Cranesbill
mtubjqnsnj.png,Black-grass
mtwprfngsm.png,Loose Silky-bent
muhbbxrolc.png,Scentless Mayweed
muxoziepbc.png,Common Chickweed
mvkdsviofo.png,Sugar beet
mvmrgoskyz.png,Fat Hen
mwysnanmbx.png,Charlock
mxjnrheiai.png,Common Chickweed
mygjhucyut.png,Charlock
myzoyzcavx.png,Common Chickweed
mzsiltnsfo.png,Small-flowered Cranesbill
mzxykzxxle.png,Loose Silky-bent
nadblalxwd.png,Small-flowered Cranesbill
nclpdwktpu.png,Fat Hen
nczpoifufw.png,Shepherds Purse
nebglzajyk.png,Shepherds Purse
nebzokaudm.png,Scentless Mayweed
nfakrvengg.png,Fat Hen
nfctmhhswe.png,Common Chickweed
nfobdshfgw.png,Common wheat
nghjfzudvf.png,Charlock
nhltncbhrg.png,Small-flowered Cranesbill
niwsouxwfj.png,Loose Silky-bent
njetzpxngt.png,Small-flowered Cranesbill
njozkbepcm.png,Scentless Mayweed
nljofyfoyq.png,Cleavers
nlludoykla.png,Loose Silky-bent
nninqubqrl.png,Fat Hen
nnqyqntaab.png,Sugar beet
noovscjdlk.png,Small-flowered Cranesbill
nppwjyjmij.png,Loose Silky-bent
nqjsdbonso.png,Fat Hen
nrfwxcctja.png,Common Chickweed
nrnriwuejd.png,Sugar beet
nsboegfbhl.png,Cleavers
nsdnlsidwk.png,Cleavers
ntknpvveuj.png,Sugar beet
ntukrdpeub.png,Charlock
ntzysdkdix.png,Scentless Mayweed
nucjxmywpo.png,Fat Hen
nvbwqxkohy.png,Sugar beet
nvmlrwheyl.png,Loose Silky-bent
nvsvamczlr.png,Loose Silky-bent
nvtjwpvghg.png,Charlock
nwhwzzyhei.png,Sugar beet
nwicqvwstt.png,Common Chickweed
nwrkywehcy.png,Loose Silky-bent
nwrwawtrzv.png,Sugar beet
nxejmhjgoh.png,Common Chickweed
nxqdpkqxpq.png,Small-flowered Cranesbill
nxwdfjcuad.png,Sugar beet
nzindesyap.png,Small-flowered Cranesbill
nzyzpmhvvz.png,Common Chickweed
oamdkqeoiw.png,Charlock
oarexryqap.png,Charlock
octyjekffj.png,Common Chickweed
ocylpkhemv.png,Black-grass
oczlkbzzex.png,Scentless Mayweed
odqgcwonck.png,Small-flowered Cranesbill
odxipzkknn.png,Shepherds Purse
oeahuykhjg.png,Scentless Mayweed
ofqzfptpjm.png,Small-flowered Cranesbill
ofwxeprnwb.png,Common Chickweed
ogewshmegv.png,Common Chickweed
ogxdopaczf.png,Common Chickweed
ohkyhgpybz.png,Small-flowered Cranesbill
oiroqvhpyq.png,Cleavers
ojdocbynpn.png,Scentless Mayweed
ojfuceyusu.png,Common Chickweed
ojgvkrcbiq.png,Common Chickweed
okhthbhwma.png,Fat Hen
omilmjtumu.png,Small-flowered Cranesbill
omtfyppxsf.png,Sugar beet
onavlwurkq.png,Loose Silky-bent
oorgjrauru.png,Common Chickweed
opceozfkju.png,Fat Hen
opsiwieupz.png,Common Chickweed
oqqmsrsngo.png,Fat Hen
oqzbuhvnvq.png,Fat Hen
orqffjkhss.png,Small-flowered Cranesbill
orrwmjkhtu.png,Common Chickweed
oselcwzlcp.png,Small-flowered Cranesbill
oskdgoghgz.png,Small-flowered Cranesbill
osnuizbvjn.png,Scentless Mayweed
osqathdvgf.png,Small-flowered Cranesbill
oswkkowqvz.png,Loose Silky-bent
osyhragnbr.png,Small-flowered Cranesbill
othygcsotf.png,Common Chickweed
otxsimogas.png,Cleavers
ousbqqhfdt.png,Small-flowered Cranesbill
outenevxze.png,Scentless Mayweed
ovcyfyuibd.png,Maize
ovpfkowkvh.png,Small-flowered Cranesbill
owbizztxio.png,Sugar beet
owdbgozxzp.png,Fat Hen
owyschkqbe.png,Loose Silky-bent
oxgqyqpdij.png,Shepherds Purse
oxktdmivjg.png,Loose Silky-bent
oxqakwendg.png,Scentless Mayweed
oxxhrewmgx.png,Charlock
oykzkduvle.png,Maize
oywnbldthm.png,Loose Silky-bent
pafikvrdaw.png,Sugar beet
pbguywbfrm.png,Charlock
pblqaemsph.png,Fat Hen
pbqnxmgzyx.png,Common wheat
pbrbqibjqi.png,Loose Silky-bent
pcixnxyvex.png,Loose Silky-bent
pdeaibhxiu.png,Loose Silky-bent
pdeuvginoa.png,Cleavers
pedubxpgdt.png,Scentless Mayweed
perghvgapw.png,Scentless Mayweed
pfdmkbevwp.png,Sugar beet
pffbrwnwpk.png,Sugar beet
pfgzxxvulf.png,Small-flowered Cranesbill
pflezubkch.png,Fat Hen
pgropmbrlo.png,Charlock
pgvjmqfwwl.png,Charlock
phcdmtqzfv.png,Fat Hen
phgwpwvqkb.png,Sugar beet
phrofgcpvq.png,Small-flowered Cranesbill
pimtjwsovz.png,Maize
pjobdwurhq.png,Fat Hen
pjtqzmwfrc.png,Loose Silky-bent
plcslrvyjq.png,Cleavers
pliehdqbto.png,Common Chickweed
pmrfcovjxn.png,Fat Hen
pmzasfyhcf.png,Loose Silky-bent
pnapipkjcb.png,Cleavers
pokgqizxym.png,Small-flowered Cranesbill
polmbggkqh.png,Loose Silky-bent
pomucvhlfv.png,Sugar beet
pospvdbklv.png,Common wheat
pregoqnfqj.png,Sugar beet
probxirdut.png,Fat Hen
psrtjqgqch.png,Fat Hen
pttzufooag.png,Scentless Mayweed
pugdpqkpds.png,Scentless Mayweed
puglmairjx.png,Small-flowered Cranesbill
puzwvbxojx.png,Sugar beet
pvgifshvgm.png,Fat Hen
pvhcgpwxmh.png,Loose Silky-bent
pvkjjmfszp.png,Maize
pvwjbdfals.png,Loose Silky-bent
pwdszomqba.png,Common Chickweed
pzajdsykxp.png,Fat Hen
pzefjwknsm.png,Loose Silky-bent
pzrklphpaa.png,Scentless Mayweed
qabrdzczqv.png,Loose Silky-bent
qakukortec.png,Cleavers
qbcysadcnj.png,Scentless Mayweed
qboqesqoav.png,Fat Hen
qbqpawhmpw.png,Charlock
qcpslvlbqi.png,Fat Hen
qcrkaeslvl.png,Loose Silky-bent
qctahsjioi.png,Maize
qczfuylwgo.png,Fat Hen
qddbcukiqq.png,Charlock
qdvisoqsqk.png,Small-flowered Cranesbill
qeprgfljaz.png,Sugar beet
qhgkdfaqga.png,Cleavers
qhhkpfaulm.png,Loose Silky-bent
qhrvgxhvmz.png,Common Chickweed
qhwbiucars.png,Common Chickweed
qizttsijuf.png,Common Chickweed
qjblsjnawx.png,Shepherds Purse
qjnnhdydti.png,Loose Silky-bent
qjsqybjjti.png,Shepherds Purse
qjsrqvmpnu.png,Cleavers
qkowmghhek.png,Loose Silky-bent
qlhuatcfpa.png,Sugar beet
qlkifbpxev.png,Small-flowered Cranesbill
qlshpykhhj.png,Small-flowered Cranesbill
qmydnalzmc.png,Fat Hen
qncugmynrv.png,Fat Hen
qndmiagfzs.png,Common wheat
qnqswddwuu.png,Small-flowered Cranesbill
qokljrzywp.png,Scentless Mayweed
qolhxhoewk.png,Small-flowered Cranesbill
qpmarlpwat.png,Fat Hen
qpxgqjkvkc.png,Scentless Mayweed
qqgnmjivqp.png,Common Chickweed
qtijdvholg.png,Common Chickweed
qtjddsbodz.png,Loose Silky-bent
qtwvmpwqxr.png,Loose Silky-bent
quonheywry.png,Loose Silky-bent
qwuletixys.png,Sugar beet
qxpadjalfu.png,Cleavers
qxrxltjdsi.png,Scentless Mayweed
qykbditnyo.png,Charlock
qykunyrlgb.png,Small-flowered Cranesbill
qyzwsqegbm.png,Common Chickweed
qzcavilnjs.png,Common Chickweed
qzhavgbjau.png,Maize
rbdlegipeb.png,Common Chickweed
rbxdpluzqa.png,Cleavers
rbxqbkrcaf.png,Charlock
rcebuuwzrn.png,Cleavers
rcnqmthfhc.png,Maize
rddzqapukh.png,Common Chickweed
rdnrdirudn.png,Loose Silky-bent
reidybsokg.png,Common Chickweed
reunmulfdn.png,Shepherds Purse
rfxtelowqw.png,Small-flowered Cranesbill
rgaalmgiae.png,Common Chickweed
rgbtbzkxkf.png,Loose Silky-bent
rinwqgjlbx.png,Fat Hen
riogzkkkyy.png,Common Chickweed
rjgffomcoj.png,Scentless Mayweed
rjnqfhkkgg.png,Loose Silky-bent
rligefteug.png,Common Chickweed
rljccdnghl.png,Loose Silky-bent
rlzpxtxoxw.png,Sugar beet
rmetemgrlm.png,Loose Silky-bent
rmrccuzrhc.png,Cleavers
rmwrswqpkp.png,Common Chickweed
rncniklwrh.png,Fat Hen
rnhghabnja.png,Loose Silky-bent
rnrgskjbjb.png,Common wheat
roibhotxgs.png,Sugar beet
rojhnoqhlm.png,Fat Hen
ropkdhzrzm.png,Black-grass
rotfwsctiw.png,Cleavers
rozjkntalf.png,Sugar beet
rrvjxbaqag.png,Scentless Mayweed
rrzxeiaqnd.png,Small-flowered Cranesbill
rsrkcslqkh.png,Charlock
rtfegncolq.png,Common Chickweed
rtylozemls.png,Charlock
rufheiczbq.png,Small-flowered Cranesbill
rurucjrndc.png,Small-flowered Cranesbill
ruvrkhqdzc.png,Common Chickweed
rvalvyscrd.png,Scentless Mayweed
rvfmmxhwiz.png,Loose Silky-bent
rvvzcdtvfp.png,Fat Hen
rxjkhdvgri.png,Common Chickweed
rygkcdbrrv.png,Sugar beet
rymyutuzqs.png,Common Chickweed
rysjkwilea.png,Sugar beet
ryxuwratsz.png,Charlock
rzscrtifxg.png,Small-flowered Cranesbill
rzzjknapjs.png,Common Chickweed
satqtkvlpv.png,Loose Silky-bent
schxhzvnue.png,Charlock
scwwvvnroj.png,Common Chickweed
sdwynlrqzf.png,Sugar beet
sgrjfvcppn.png,Charlock
sgvutraljz.png,Scentless Mayweed
siqgltawgo.png,Small-flowered Cranesbill
sjcuqgcvcx.png,Common wheat
sjilqfbtun.png,Fat Hen
skvswklmwr.png,Sugar beet
slgxqupkbo.png,Loose Silky-bent
slrwdxluvu.png,Small-flowered Cranesbill
sltboitadp.png,Scentless Mayweed
smuxpsnmfu.png,Loose Silky-bent
smwfzqzuyo.png,Shepherds Purse
sndtvuqimw.png,Charlock
snsexnbdik.png,Black-grass
sozssylvpo.png,Maize
spdgdkcepq.png,Sugar beet
spxktyikhl.png,Scentless Mayweed
sqbzkutadp.png,Fat Hen
sriaeshyfk.png,Loose Silky-bent
sskmtqouuq.png,Scentless Mayweed
stcmijhsih.png,Common wheat
stivtbbvez.png,Loose Silky-bent
stuncwcoul.png,Common Chickweed
stvndacxut.png,Common Chickweed
suxdnvcupx.png,Maize
suyjrrhiih.png,Fat Hen
svzxubipqx.png,Loose Silky-bent
swrsqqvlai.png,Shepherds Purse
sxqabwuawv.png,Charlock
syxzopexip.png,Loose Silky-bent
szdorcijho.png,Shepherds Purse
szkvxeczgx.png,Common wheat
tarqpeswkg.png,Shepherds Purse
tckhflcisz.png,Fat Hen
tcsghsibwv.png,Sugar beet
tdnizedtur.png,Fat Hen
texadqxftk.png,Common wheat
tfoyfsoahi.png,Cleavers
tfzsrsdxed.png,Scentless Mayweed
tgbzqodhlx.png,Sugar beet
tggvqjebly.png,Shepherds Purse
thpjtgbpfx.png,Cleavers
thqeyspstv.png,Scentless Mayweed
thrjzetcko.png,Sugar beet
thrvqoplhd.png,Loose Silky-bent
tjagllgitn.png,Loose Silky-bent
tjjywyzgfj.png,Cleavers
tkztxnbzii.png,Common wheat
tlnsrrmteb.png,Fat Hen
tlsbnmwqom.png,Fat Hen
tmbhykykjg.png,Loose Silky-bent
tmkjfxxvhn.png,Loose Silky-bent
tnbvirxswd.png,Loose Silky-bent
tnjvlrcjgr.png,Scentless Mayweed
tofrflghpm.png,Shepherds Purse
tohnpkyklu.png,Fat Hen
tqlhoyvrmb.png,Small-flowered Cranesbill
tqpwyaopyr.png,Cleavers
tsqgcquzat.png,Fat Hen
ttgvysyssy.png,Cleavers
tutdxwzgue.png,Fat Hen
twoizkzkuo.png,Loose Silky-bent
txiwvlakgu.png,Loose Silky-bent
txltsjcbjc.png,Small-flowered Cranesbill
txtftbejxr.png,Scentless Mayweed
tyrhppvmuj.png,Loose Silky-bent
tywabsvqra.png,Common wheat
tzypetkbgn.png,Scentless Mayweed
uaczfplqmg.png,Charlock
uagxasmfwg.png,Loose Silky-bent
uahnfoospg.png,Charlock
uawomwuuil.png,Small-flowered Cranesbill
ubafvuikug.png,Loose Silky-bent
ubjswtknhm.png,Sugar beet
uckvkxnzdy.png,Small-flowered Cranesbill
ucrfyxvuoc.png,Small-flowered Cranesbill
udkzrivbcf.png,Cleavers
uefbkdierf.png,Scentless Mayweed
ufppjmadgh.png,Charlock
uhtzfrmkbu.png,Fat Hen
uiivossmor.png,Loose Silky-bent
uimojbxcis.png,Small-flowered Cranesbill
uivfmvvmls.png,Common Chickweed
ujnsavdqoj.png,Loose Silky-bent
ujulzbekwm.png,Scentless Mayweed
ujzsjpgzrw.png,Common Chickweed
ulnynksjcp.png,Scentless Mayweed
ulwuzjpdtd.png,Small-flowered Cranesbill
ulzmjrmejy.png,Loose Silky-bent
umrfrcsbpm.png,Scentless Mayweed
uonlrglwrw.png,Maize
uorwegqbec.png,Loose Silky-bent
uoxvlwbdwx.png,Loose Silky-bent
uozevyfxad.png,Small-flowered Cranesbill
uqxrxhzswk.png,Loose Silky-bent
ureilubakf.png,Loose Silky-bent
urwemzusdg.png,Sugar beet
uspmevgilu.png,Common Chickweed
ussouonjgd.png,Scentless Mayweed
utowoirjkd.png,Scentless Mayweed
uuahfhgvmw.png,Loose Silky-bent
uubqslgzcy.png,Small-flowered Cranesbill
uucvnwwyge.png,Small-flowered Cranesbill
uuzvdhitjm.png,Small-flowered Cranesbill
uvtvmblvjo.png,Sugar beet
uyjeuqjlhe.png,Scentless Mayweed
uyvdalyncv.png,Small-flowered Cranesbill
uyvunhqhjt.png,Charlock
vaabqcsdcy.png,Loose Silky-bent
vasxhwrear.png,Shepherds Purse
vatdfziyot.png,Small-flowered Cranesbill
vbritqqjow.png,Loose Silky-bent
vcyhtnatcq.png,Fat Hen
vdojdwjsdn.png,Common Chickweed
velgzavzzs.png,Cleavers
veobdamnqn.png,Small-flowered Cranesbill
veyzobvkkk.png,Small-flowered Cranesbill
vfqjxktqla.png,Common wheat
vfrrxlfepx.png,Common Chickweed
vfxsiphrlf.png,Charlock
vgeqtkgelb.png,Small-flowered Cranesbill
vgqftoznkb.png,Fat Hen
vgxnldrxpg.png,Fat Hen
vgxrcnesgc.png,Common Chickweed
vijiecxzuf.png,Scentless Mayweed
viusduajua.png,Small-flowered Cranesbill
vjkdvdiqmm.png,Fat Hen
vlhpmsqcqz.png,Sugar beet
vlrgadxzot.png,Small-flowered Cranesbill
vmdesqjrxw.png,Fat Hen
vmoutndlat.png,Loose Silky-bent
vmzkivxoxx.png,Fat Hen
vnhtiyawpu.png,Scentless Mayweed
vnilpfnotv.png,Common Chickweed
vnwvibksvh.png,Common Chickweed
vpbmhakghw.png,Cleavers
vpnabgqcnl.png,Common wheat
vrezqwctjq.png,Shepherds Purse
vrsxcldksd.png,Fat Hen
vsonuwebyz.png,Common Chickweed
vtbamwbsvs.png,Fat Hen
vtbnddkwkv.png,Common wheat
vthjxkifuf.png,Common Chickweed
vtkdbolatn.png,Common Chickweed
vtomvyjrrr.png,Loose Silky-bent
vvdayeddey.png,Common Chickweed
vxyyqonizy.png,Charlock
vylpdviiec.png,Scentless Mayweed
vynrynkwkm.png,Scentless Mayweed
vyotleojfd.png,Sugar beet
vzdumodmix.png,Fat Hen
vzgdqvwcsq.png,Maize
vzgwwruqdb.png,Scentless Mayweed
wavmodluxx.png,Cleavers
wbgpelzgeg.png,Scentless Mayweed
wbkfdkyjyy.png,Shepherds Purse
wbkmcyonmw.png,Cleavers
wbxkuxvlen.png,Loose Silky-bent
wcrlrdxmil.png,Loose Silky-bent
wdffouqjxo.png,Shepherds Purse
wdgydemnyh.png,Common Chickweed
wdzfrwxftf.png,Fat Hen
wetxmsnrzw.png,Loose Silky-bent
wevwmedvob.png,Loose Silky-bent
wfnzipfpjw.png,Common Chickweed
wfoyezgnxl.png,Common Chickweed
wfvuvryqxx.png,Maize
wgexslqsxv.png,Sugar beet
wgtvfwbtfc.png,Shepherds Purse
wjawzyfooy.png,Common Chickweed
wjifcxaxxa.png,Charlock
wkzmqyymlw.png,Common Chickweed
wlkivynowk.png,Common Chickweed
wmlnjmurql.png,Loose Silky-bent
wnqovkiscb.png,Scentless Mayweed
wnriletlub.png,Black-grass
wnzlazille.png,Small-flowered Cranesbill
wpvqfijupr.png,Shepherds Purse
wpyqomoryw.png,Common Chickweed
wqknctedzs.png,Fat Hen
wqpqkourdz.png,Common Chickweed
wsbmujahuw.png,Common Chickweed
wsuacdbxmu.png,Small-flowered Cranesbill
wtwwxzhhff.png,Fat Hen
wtzbjvqqmv.png,Common Chickweed
wutmiodthy.png,Fat Hen
wvrrwkzawa.png,Cleavers
wwausjswng.png,Common Chickweed
wwicvtjvkq.png,Small-flowered Cranesbill
wwswkbrcoq.png,Common wheat
wwyssidcdu.png,Fat Hen
wxjxmffeed.png,Scentless Mayweed
wxshtcgfks.png,Small-flowered Cranesbill
wxtnasdnrt.png,Common Chickweed
wxwuwujcto.png,Loose Silky-bent
wylutunhmi.png,Loose Silky-bent
wzmlwqeuga.png,Shepherds Purse
wzxqoyxsfk.png,Fat Hen
xahhkiejyq.png,Maize
xavwinktfl.png,Common Chickweed
xbbbbdquuw.png,Charlock
xcjokssbnw.png,Scentless Mayweed
xcquroayqy.png,Small-flowered Cranesbill
xcrqlemvya.png,Cleavers
xcvoiwqvcg.png,Scentless Mayweed
xdsgngldrv.png,Loose Silky-bent
xdvmjukelg.png,Common wheat
xdzgpcouzv.png,Small-flowered Cranesbill
xekbuuqfxs.png,Cleavers
xfdxeqspcj.png,Fat Hen
xftmznmtxv.png,Scentless Mayweed
xguwzbbzwk.png,Scentless Mayweed
xgzwfxhofa.png,Charlock
xhirnjphug.png,Sugar beet
xhjnqklfya.png,Sugar beet
xiorhqxxiz.png,Fat Hen
xizkeplwfe.png,Common Chickweed
xjmbrinfdn.png,Scentless Mayweed
xkwnwpvptx.png,Small-flowered Cranesbill
xkzxewarcd.png,Common Chickweed
xlhwjcbbex.png,Scentless Mayweed
xlyhrspbll.png,Charlock
xmasefkssh.png,Common Chickweed
xnfxxgrqjx.png,Maize
xoejgnboiv.png,Small-flowered Cranesbill
xomnxcytvu.png,Scentless Mayweed
xonkpltokc.png,Sugar beet
xowdubkayn.png,Charlock
xrreldpmwn.png,Small-flowered Cranesbill
xszjzdswpb.png,Loose Silky-bent
xuatghhlxa.png,Cleavers
xufaarsdiw.png,Fat Hen
xuhgdtxslo.png,Fat Hen
xuokqkhztn.png,Loose Silky-bent
xusjgbcmxp.png,Loose Silky-bent
xvazcpzjle.png,Scentless Mayweed
xvnzmatcfv.png,Cleavers
xvogukpqxp.png,Scentless Mayweed
xvvuqlysfq.png,Fat Hen
xwgxsdrayz.png,Common wheat
xwmsxpdjaa.png,Common Chickweed
xxfkdrrkkj.png,Cleavers
xxicyapkdf.png,Sugar beet
xxjshhgvjt.png,Sugar beet
xxjwjnkdug.png,Common wheat
xymchwgcll.png,Loose Silky-bent
xypojlrlup.png,Common Chickweed
ybdqltguek.png,Charlock
ycbwgnnrqj.png,Small-flowered Cranesbill
ycjefwtojk.png,Small-flowered Cranesbill
ydcurwxqsf.png,Loose Silky-bent
yebuyzgmuh.png,Charlock
yedrgqhpjj.png,Charlock
yepdzaiaib.png,Loose Silky-bent
yfqodnxqjl.png,Cleavers
yhfihoroja.png,Sugar beet
yholtpyekd.png,Fat Hen
yibnafoaxf.png,Loose Silky-bent
yiileyjjhe.png,Loose Silky-bent
yinlglczva.png,Common wheat
ykxmosizfk.png,Charlock
ynebvjequm.png,Charlock
ynhdessdir.png,Loose Silky-bent
yoeydlgkvq.png,Fat Hen
yopqbulwpc.png,Fat Hen
ypjaoyjlsd.png,Shepherds Purse
ypobwtnvcn.png,Charlock
ypxqlvyunh.png,Small-flowered Cranesbill
yqjtvvytge.png,Fat Hen
yrrifyexpz.png,Small-flowered Cranesbill
yrwjmfhwry.png,Loose Silky-bent
ythoasiasj.png,Small-flowered Cranesbill
ytsulvbzxv.png,Common wheat
ytzesoxgml.png,Scentless Mayweed
yuztpjtmed.png,Scentless Mayweed
ywhwehhtdd.png,Shepherds Purse
ywlhaaosgy.png,Loose Silky-bent
yxbyvtrzdf.png,Small-flowered Cranesbill
yxisbqyscm.png,Loose Silky-bent
yyvfrrxbmq.png,Cleavers
yyyxkgoayc.png,Loose Silky-bent
yzehvymtnc.png,Small-flowered Cranesbill
yzjihrptlo.png,Cleavers
zalxfcspuw.png,Common wheat
zbbetqaati.png,Common wheat
zbvlanqnwb.png,Loose Silky-bent
zdjhdmfiff.png,Cleavers
zeuzvzbjsy.png,Charlock
zgriwcamkz.png,Shepherds Purse
zgvqwnioqh.png,Cleavers
zgzwxcoogd.png,Charlock
zhaouxwjps.png,Common Chickweed
zhjkpmuikc.png,Scentless Mayweed
zipptnfywj.png,Black-grass
ziumazzadc.png,Fat Hen
zjbuvpjwwz.png,Common Chickweed
zjmvqdecfn.png,Cleavers
zkamynztys.png,Loose Silky-bent
zkbtyqysrz.png,Charlock
zkduqjapts.png,Small-flowered Cranesbill
zkhwrwtkdi.png,Loose Silky-bent
zkvhezxuoi.png,Loose Silky-bent
zlhzobehcl.png,Sugar beet
zljtsnrmwl.png,Fat Hen
zmcwblwfty.png,Cleavers
zmkhhwshzy.png,Loose Silky-bent
zmwalcxmrp.png,Fat Hen
znbfvhnfjm.png,Loose Silky-bent
znedmffiap.png,Loose Silky-bent
zoctmupdwe.png,Common Chickweed
zohdvivbam.png,Loose Silky-bent
zohiszoqjs.png,Common Chickweed
zqavrifkij.png,Maize
zqfvjujhuj.png,Scentless Mayweed
zqhaeebjyh.png,Fat Hen
zqjbbizcbo.png,Fat Hen
zrlrehkpbl.png,Fat Hen
zsffbmyxkq.png,Small-flowered Cranesbill
zskkrnaklw.png,Loose Silky-bent
ztrphrqhxy.png,Loose Silky-bent
zujctolcqc.png,Scentless Mayweed
zuwhjhacws.png,Loose Silky-bent
zuxbncifsg.png,Sugar beet
zvgipawkhz.png,Shepherds Purse
zvmgpvvfde.png,Cleavers
zvsdkhhagl.png,Common Chickweed
zvxdpuxgvu.png,Common wheat
zxatuhyfij.png,Small-flowered Cranesbill
zyannmjnzp.png,Loose Silky-bent
zyzmjbpqhe.png,Loose Silky-bent
zzeoefhzlm.png,Sugar beet
